customer_id,first_name,last_name,email,signup_date,country
1,Danielle,Johnson,danielle.johnson754@sanchez-taylor.com,2024-11-17,Australia
2,Joy,Gardner,joy.gardner125@henderson.net,2024-07-24,Netherlands
3,Anthony,Gonzalez,anthony.gonzalez350@miles.com,2025-06-11,Spain
4,Misty,Blake,misty.blake242@wolfe.com,2022-08-30,Australia
5,Jason,Gallagher,jason.gallagher792@davis.com,2025-08-09,Singapore
6,Maurice,Baker,maurice.baker189@blair.com,2023-08-12,United Arab Emirates
7,Christian,Carter,christian.carter532@montgomery.com,2022-03-13,United Kingdom
8,Donna,Mejia,donna.mejia130@wyatt.biz,2023-03-08,Canada
9,Shawn,Flowers,shawn.flowers323@wood.com,2024-12-26,Spain
10,Sharon,Wong,sharon.wong617@reid.info,2023-08-13,United States
11,Joseph,Schaefer,joseph.schaefer674@hawkins.com,2022-12-22,Italy
12,Lydia,Trujillo,lydia.trujillo833@adams-clark.org,2025-09-23,Singapore
13,Jennifer,Lewis,jennifer.lewis529@foster-rocha.info,2022-08-10,Spain
14,Joseph,Wright,joseph.wright559@ryan.org,2023-09-13,United Arab Emirates
15,Michael,Osborn,michael.osborn384@hicks.com,2025-08-30,United States
16,Daniel,Burton,daniel.burton877@henderson.info,2024-04-01,France
17,John,Tran,john.tran814@frazier.net,2025-03-12,Brazil
18,Joseph,Davidson,joseph.davidson448@carter.info,2022-01-06,Netherlands
19,Stephanie,Liu,stephanie.liu259@stanton-gill.net,2022-06-15,Italy
20,Monica,Evans,monica.evans881@romero.com,2024-04-17,Norway
21,Stephanie,Nielsen,stephanie.nielsen204@george.com,2022-06-23,Canada
22,Sarah,Koch,sarah.koch489@allen-allen.org,2022-05-03,Australia
23,Christopher,Tucker,christopher.tucker467@spence.com,2022-07-19,Japan
24,Donna,Arroyo,donna.arroyo718@baker.biz,2022-11-26,Netherlands
25,Sarah,Campos,sarah.campos926@harris.com,2023-11-12,United Kingdom
26,Rachel,Hayes,rachel.hayes847@walker.com,2024-07-02,Mexico
27,Angela,Chapman,angela.chapman649@jones.com,2022-12-22,Australia
28,Carlos,Johnson,carlos.johnson487@jones-young.info,2022-11-29,Canada
29,Amber,Cummings,amber.cummings665@johnston.biz,2022-10-23,Sweden
30,Clinton,Hopkins,clinton.hopkins949@henderson-owens.com,2024-11-12,Japan
31,Denise,Lucas,denise.lucas691@powell.com,2023-01-22,Italy
32,James,Herrera,james.herrera821@henderson.info,2023-01-24,Canada
33,Nancy,Jones,nancy.jones146@garcia.com,2022-05-25,Spain
34,Sara,Allison,sara.allison891@russell.com,2025-09-05,Sweden
35,Richard,Brown,richard.brown181@smith-myers.info,2023-03-20,Spain
36,Rodney,Bernard,rodney.bernard987@stanley.com,2022-04-01,Australia
37,Beth,Daniels,beth.daniels489@edwards.net,2022-09-02,Netherlands
38,Brian,Romero,brian.romero564@jones.com,2023-09-20,Japan
39,David,Zamora,david.zamora266@riley.org,2022-05-08,Japan
40,Robert,Silva,robert.silva463@stewart.com,2023-01-06,Italy
41,Joseph,Anderson,joseph.anderson786@evans.com,2022-01-15,Netherlands
42,Stephen,Murillo,stephen.murillo818@jones.net,2023-02-16,Canada
43,David,Bailey,david.bailey723@suarez.com,2022-09-03,France
44,Samuel,Daniels,samuel.daniels646@carr-archer.net,2022-01-13,Spain
45,Elizabeth,Spencer,elizabeth.spencer267@garcia.com,2025-02-27,Mexico
46,Angela,Nelson,angela.nelson488@clark.com,2024-02-25,Netherlands
47,Tracy,Whitehead,tracy.whitehead755@davis.com,2022-03-10,Singapore
48,Adam,Wise,adam.wise324@whitney.biz,2024-05-21,Norway
49,Alec,Jones,alec.jones963@mckee.org,2024-05-08,United Kingdom
50,Earl,Anderson,earl.anderson334@diaz-fitzpatrick.com,2025-10-28,United Kingdom
51,Michael,Fleming,michael.fleming924@garcia.biz,2024-08-22,Norway
52,Kara,Frost,kara.frost510@hancock.biz,2022-02-08,Netherlands
53,Harry,Middleton,harry.middleton167@pham-shields.com,2023-02-19,Italy
54,Erik,Haynes,erik.haynes680@brennan-garrison.com,2022-11-07,Norway
55,Lisa,Stevens,lisa.stevens317@hoover-savage.com,2022-02-06,India
56,Donna,Ross,donna.ross505@lin-rasmussen.com,2023-06-30,Mexico
57,Darlene,Ross,darlene.ross246@rivera.com,2022-10-05,Netherlands
58,Beverly,Terrell,beverly.terrell242@rodriguez.com,2025-02-05,Spain
59,Kristin,Graham,kristin.graham862@wilson.com,2025-01-06,Singapore
60,Ryan,Meyer,ryan.meyer651@mcdaniel.com,2023-07-20,Netherlands
61,Ryan,Rush,ryan.rush864@hanson-alvarado.com,2025-01-23,United Arab Emirates
62,Rachel,Hunter,rachel.hunter538@ortiz.com,2022-10-26,United Arab Emirates
63,Robert,Bentley,robert.bentley508@adkins.biz,2024-05-01,Japan
64,Martha,Torres,martha.torres324@jordan.org,2024-10-14,Germany
65,Marco,Ramos,marco.ramos621@lewis.com,2024-10-20,India
66,Christopher,Robertson,christopher.robertson193@harvey.com,2024-11-11,United Kingdom
67,Lance,Drake,lance.drake981@johnson.info,2024-08-07,Australia
68,Melissa,Jones,melissa.jones256@mercado-johnston.biz,2024-02-07,France
69,Reginald,Hernandez,reginald.hernandez911@smith.com,2025-04-24,Brazil
70,Ronald,Thompson,ronald.thompson710@holmes.com,2023-12-11,Canada
71,Dennis,Marshall,dennis.marshall494@travis.info,2024-08-09,South Korea
72,Lisa,Mcclain,lisa.mcclain710@rivas-kelley.com,2025-03-01,Mexico
73,Michelle,Cole,michelle.cole641@larsen.net,2024-01-23,Netherlands
74,Courtney,Hill,courtney.hill666@reeves.com,2023-06-06,United States
75,Luis,Fernandez,luis.fernandez796@hernandez.com,2025-01-02,Australia
76,Jason,Perry,jason.perry798@daniels-perry.com,2025-07-17,Singapore
77,Robert,Stein,robert.stein868@shah.org,2023-08-14,Netherlands
78,Thomas,Bender,thomas.bender887@molina-castaneda.biz,2024-04-16,Norway
79,Julie,Payne,julie.payne214@hurst.info,2022-02-15,Sweden
80,Paul,Caldwell,paul.caldwell545@ramsey-pittman.com,2024-08-24,France
81,Amanda,Meadows,amanda.meadows564@elliott.com,2025-09-08,United States
82,Steven,Williams,steven.williams839@murphy-gibson.com,2025-03-28,Netherlands
83,Nichole,Ramirez,nichole.ramirez612@king-miller.com,2025-03-09,France
84,Amber,Cooke,amber.cooke619@walker-jones.com,2025-03-17,Australia
85,Anthony,Wright,anthony.wright991@howell.com,2024-01-06,Sweden
86,Elizabeth,Elliott,elizabeth.elliott961@marshall.com,2022-09-18,China
87,Catherine,Stuart,catherine.stuart723@wilson.com,2024-06-17,Italy
88,Anthony,Collins,anthony.collins256@odonnell.com,2022-04-29,Japan
89,Brittany,Rivas,brittany.rivas880@garcia.org,2025-06-05,France
90,David,Riggs,david.riggs652@reed.com,2022-04-18,China
91,William,Peterson,william.peterson100@short-garcia.com,2024-09-14,Norway
92,Patricia,Stevens,patricia.stevens600@graham.net,2024-10-07,United States
93,Joseph,Morton,joseph.morton214@hampton.org,2023-02-21,Japan
94,Marcus,Sanchez,marcus.sanchez999@ramirez.com,2025-03-11,Sweden
95,Steven,Bishop,steven.bishop345@rogers-snyder.com,2022-10-10,United Kingdom
96,Tony,Kelly,tony.kelly346@peterson-beard.com,2024-05-13,United Arab Emirates
97,Alejandro,Vaughan,alejandro.vaughan180@allen.info,2024-05-12,Canada
98,Katherine,Vaughn,katherine.vaughn849@joseph.com,2022-12-11,India
99,Richard,Sanchez,richard.sanchez935@perkins.biz,2025-03-04,Canada
100,Andrea,Bell,andrea.bell878@nelson-king.com,2025-01-25,Singapore
101,James,Wilson,james.wilson884@tapia.info,2023-03-06,Germany
102,Jenny,Bray,jenny.bray231@carlson.com,2022-12-20,India
103,Michael,Turner,michael.turner662@ferguson.net,2023-03-30,France
104,Heidi,Martinez,heidi.martinez371@garcia-smith.com,2023-12-31,China
105,Timothy,Peterson,timothy.peterson993@king.com,2025-07-01,Brazil
106,Cameron,Vasquez,cameron.vasquez316@soto.org,2023-04-17,Singapore
107,Christopher,Wright,christopher.wright873@duran.com,2025-04-19,Italy
108,Alexandra,Hayes,alexandra.hayes830@evans-chapman.biz,2023-04-20,Sweden
109,Ashley,Brown,ashley.brown508@garcia.com,2024-10-22,Japan
110,Christopher,Allen,christopher.allen548@jones.org,2023-12-31,China
111,Kelly,Hall,kelly.hall562@campbell.com,2023-02-15,Australia
112,Kristin,Weber,kristin.weber353@lara.com,2024-10-03,Spain
113,Edward,Baker,edward.baker165@jones.com,2024-07-13,Norway
114,Kaitlyn,Carroll,kaitlyn.carroll121@gonzales-harrison.com,2024-12-22,United Arab Emirates
115,Richard,Nelson,richard.nelson667@snyder.biz,2025-02-15,Spain
116,Marcus,Wright,marcus.wright702@perez.org,2024-07-01,Spain
117,Stephanie,Key,stephanie.key107@underwood.com,2024-01-01,Canada
118,April,Ramos,april.ramos824@white-richards.info,2022-05-22,United Kingdom
119,Theodore,Ortiz,theodore.ortiz334@santiago-hodge.com,2023-10-02,Canada
120,Heather,Roberts,heather.roberts132@cervantes-pierce.info,2022-05-17,Norway
121,Leonard,Morris,leonard.morris172@hancock-bryan.com,2024-10-18,China
122,Molly,Murray,molly.murray343@lopez.org,2025-03-21,Netherlands
123,Vernon,Ramos,vernon.ramos785@harris.com,2023-03-24,India
124,Samuel,Wolfe,samuel.wolfe319@johnson.org,2025-05-26,Singapore
125,John,Moore,john.moore235@smith.com,2023-12-18,United Arab Emirates
126,Stacey,Holland,stacey.holland690@jimenez.com,2024-03-01,India
127,Janice,Perry,janice.perry348@baird-sanchez.net,2022-08-13,India
128,Patrick,Weeks,patrick.weeks926@francis.biz,2023-06-12,Brazil
129,Sarah,Romero,sarah.romero294@campbell.org,2024-06-19,Australia
130,Yolanda,Burns,yolanda.burns199@griffin.com,2023-06-01,Brazil
131,Andrea,Daniels,andrea.daniels462@cantu-kane.com,2024-06-07,Brazil
132,Patrick,Chase,patrick.chase520@williams-garner.biz,2023-08-23,Mexico
133,Vanessa,Sparks,vanessa.sparks984@pollard.net,2024-07-05,United Kingdom
134,Martin,Garcia,martin.garcia789@garcia-lozano.com,2025-01-27,Australia
135,Douglas,Pitts,douglas.pitts162@jones.com,2024-08-26,South Korea
136,Heather,Santos,heather.santos845@phelps-villarreal.biz,2023-05-07,Norway
137,Courtney,Clay,courtney.clay919@brennan-johnson.com,2022-12-31,Australia
138,Crystal,Mccall,crystal.mccall354@francis.com,2025-03-27,Italy
139,Cynthia,Brennan,cynthia.brennan294@jackson-evans.com,2022-03-13,Singapore
140,Mark,Brown,mark.brown559@brooks-thomas.net,2023-10-03,Germany
141,Ashlee,Sparks,ashlee.sparks532@thompson.biz,2024-08-20,France
142,Felicia,Jimenez,felicia.jimenez385@thomas.com,2024-11-01,Mexico
143,Albert,Ballard,albert.ballard355@byrd-moore.info,2023-06-21,Canada
144,Vanessa,Evans,vanessa.evans553@vaughn-bryant.com,2022-11-06,Singapore
145,Yvonne,Castaneda,yvonne.castaneda200@young.com,2024-06-11,United Kingdom
146,Kenneth,Lyons,kenneth.lyons767@spence.biz,2023-03-03,Singapore
147,Alan,Grimes,alan.grimes956@beltran.com,2025-04-20,United States
148,Lauren,Lawson,lauren.lawson195@robinson-lee.com,2024-11-18,Spain
149,Karla,Saunders,karla.saunders270@massey.com,2023-04-25,Brazil
150,Kristina,Johnson,kristina.johnson597@oconnor-davis.com,2023-05-23,India
151,Julie,Thompson,julie.thompson318@buchanan.net,2024-02-19,South Korea
152,Robin,Rivas,robin.rivas160@sloan-raymond.com,2025-03-05,France
153,Monica,Brock,monica.brock488@mccarty-taylor.com,2025-08-29,United States
154,Erica,Craig,erica.craig499@coffey-ballard.com,2022-05-21,Netherlands
155,Krystal,Smith,krystal.smith902@martinez.com,2024-06-27,Mexico
156,Parker,Little,parker.little392@rodriguez-hall.com,2024-08-20,Brazil
157,Nicole,Hoffman,nicole.hoffman813@walker.com,2024-10-05,Singapore
158,Ricky,Taylor,ricky.taylor777@torres.com,2022-05-31,India
159,Jimmy,Medina,jimmy.medina258@chavez-santiago.net,2023-10-14,Italy
160,Brenda,Barber,brenda.barber403@pena-bass.org,2023-09-26,Italy
161,Sheila,Ramirez,sheila.ramirez159@wood.com,2022-06-04,United Arab Emirates
162,Tina,Richardson,tina.richardson853@howard.com,2025-08-10,Singapore
163,Madison,Davis,madison.davis162@may.com,2022-03-20,Norway
164,Kristin,Sanchez,kristin.sanchez158@buchanan.com,2025-07-13,United Kingdom
165,Kathy,Clark,kathy.clark698@li.com,2025-04-17,India
166,Dylan,Lester,dylan.lester614@ramirez.com,2024-04-19,China
167,John,Thompson,john.thompson261@delacruz.com,2024-07-03,United Kingdom
168,Mario,Thompson,mario.thompson620@martinez.net,2022-06-26,Canada
169,Julie,Alvarez,julie.alvarez971@palmer-rodriguez.net,2022-12-11,France
170,Sonia,Williams,sonia.williams170@boyd.com,2024-01-15,Canada
171,Melanie,Simmons,melanie.simmons791@henry.com,2025-10-28,Spain
172,Christopher,Franklin,christopher.franklin513@martinez.org,2024-05-01,Australia
173,Jennifer,James,jennifer.james683@schmidt.com,2025-05-17,Spain
174,Jacqueline,Farrell,jacqueline.farrell692@rich.biz,2023-12-03,United Kingdom
175,Pamela,Gutierrez,pamela.gutierrez734@ross-blair.com,2023-10-25,Canada
176,Larry,Scott,larry.scott529@mcdaniel.com,2022-05-22,United Arab Emirates
177,Marie,Davis,marie.davis678@garner.com,2024-05-14,China
178,Brian,Frye,brian.frye423@rivera.biz,2025-09-10,Netherlands
179,Ruth,Williams,ruth.williams309@burke-bell.org,2024-02-28,Norway
180,Jason,Douglas,jason.douglas344@boone.net,2023-07-25,Netherlands
181,Danny,Ramirez,danny.ramirez505@aguirre.org,2024-08-11,Germany
182,Emily,Hawkins,emily.hawkins787@hickman.com,2023-03-01,Sweden
183,Jacqueline,Parker,jacqueline.parker568@bell-white.com,2024-05-29,Norway
184,Diane,Jones,diane.jones869@schultz.com,2023-08-08,Canada
185,Robert,Peterson,robert.peterson109@collins-nguyen.org,2024-07-15,Mexico
186,Christopher,Williams,christopher.williams736@webster.com,2023-02-27,United Arab Emirates
187,Scott,Coleman,scott.coleman202@ramos.com,2023-06-21,Canada
188,Russell,Campbell,russell.campbell650@watkins.com,2023-09-07,Italy
189,Tracey,Brown,tracey.brown618@turner.com,2025-04-02,Netherlands
190,Jonathan,Murphy,jonathan.murphy235@jimenez.com,2022-07-20,Japan
191,Omar,Padilla,omar.padilla170@hansen.biz,2025-08-31,Spain
192,Judy,Graham,judy.graham478@morse-atkins.org,2023-10-29,Sweden
193,Ashley,Mckinney,ashley.mckinney261@roberts-sullivan.com,2022-09-24,Mexico
194,Laurie,Montgomery,laurie.montgomery953@gillespie.com,2023-11-08,Singapore
195,Brianna,Warren,brianna.warren820@harrell-reese.com,2023-06-02,Sweden
196,Kimberly,Jones,kimberly.jones726@wilson.com,2023-06-30,China
197,Jessica,Fuentes,jessica.fuentes108@young.com,2022-11-03,Singapore
198,Glenn,Hernandez,glenn.hernandez406@jones.info,2025-03-17,Australia
199,Anne,Riley,anne.riley999@glass.org,2023-05-18,Germany
200,Michelle,Burton,michelle.burton370@gonzales.info,2024-09-07,Australia
201,Kevin,Hill,kevin.hill209@bell.com,2023-12-19,Singapore
202,Shannon,Brown,shannon.brown259@jones-lin.com,2024-08-13,Netherlands
203,Brooke,Cruz,brooke.cruz388@spencer.info,2025-06-12,Italy
204,Ashley,Lopez,ashley.lopez834@alvarez.com,2025-06-13,Norway
205,Rachel,Cooper,rachel.cooper308@miller.info,2023-11-14,Netherlands
206,Alexandria,Bishop,alexandria.bishop617@watson-campbell.biz,2025-04-18,India
207,Matthew,Harper,matthew.harper357@holland.biz,2023-03-18,United Kingdom
208,Johnathan,York,johnathan.york194@marks.com,2023-06-28,Brazil
209,Kyle,Douglas,kyle.douglas949@myers.com,2024-05-18,Netherlands
210,Nicholas,Conner,nicholas.conner145@santiago.net,2022-05-26,United States
211,Debbie,Henderson,debbie.henderson441@smith-parker.com,2023-06-15,Germany
212,Stacey,Tucker,stacey.tucker752@cooke.com,2023-04-05,Netherlands
213,Megan,Garcia,megan.garcia265@conley.com,2025-09-23,Mexico
214,Katie,Anderson,katie.anderson664@moore-white.org,2025-06-10,Brazil
215,Raven,Griffith,raven.griffith674@jenkins.com,2023-11-22,United States
216,Cheryl,Goodwin,cheryl.goodwin214@young-allen.info,2025-07-21,Canada
217,James,Gregory,james.gregory807@joyce.biz,2024-02-21,Germany
218,Allison,Burch,allison.burch658@solis.com,2022-03-23,United Kingdom
219,Danielle,Sawyer,danielle.sawyer954@villa.com,2023-03-19,Japan
220,Christopher,Martin,christopher.martin696@whitehead-hernandez.biz,2022-05-23,Singapore
221,Stacey,Walker,stacey.walker251@wilkerson-arias.biz,2022-03-24,Brazil
222,Randy,Brooks,randy.brooks230@vang-brooks.com,2023-05-11,United Kingdom
223,Sarah,Combs,sarah.combs415@rogers.info,2024-12-17,Japan
224,Mariah,Blake,mariah.blake915@west-smith.com,2022-01-30,United Kingdom
225,Jonathan,Conley,jonathan.conley466@bentley.com,2023-01-05,Italy
226,Kevin,Williams,kevin.williams798@fowler-dean.com,2022-06-22,Spain
227,Mary,Porter,mary.porter782@smith.com,2023-03-29,Australia
228,Ruben,Mendez,ruben.mendez462@duncan.com,2024-03-24,Singapore
229,Theresa,Jones,theresa.jones995@stephens.com,2023-08-30,Brazil
230,Morgan,Williams,morgan.williams735@zavala-king.com,2023-07-09,Germany
231,Kristina,Cooper,kristina.cooper342@sandoval.com,2022-07-27,France
232,Bradley,Payne,bradley.payne919@thompson.info,2024-09-08,France
233,Ian,Taylor,ian.taylor522@parsons.com,2025-05-13,United States
234,James,Williams,james.williams283@robertson-hays.net,2024-01-06,Norway
235,Jon,Mullins,jon.mullins901@mitchell.com,2023-03-01,Brazil
236,David,Richardson,david.richardson921@paul-kline.biz,2023-06-11,Spain
237,Terri,Crawford,terri.crawford373@richardson-salinas.com,2025-05-29,France
238,Christopher,Coleman,christopher.coleman906@morrison-short.net,2023-04-02,Australia
239,Manuel,Miller,manuel.miller491@phillips.com,2024-12-07,United Kingdom
240,Scott,West,scott.west979@berg.com,2024-09-20,India
241,Tina,Gould,tina.gould327@lambert.com,2024-03-08,Italy
242,Laurie,Shelton,laurie.shelton936@thomas.info,2022-02-24,Mexico
243,David,Young,david.young458@diaz.org,2022-08-27,Sweden
244,Erika,Rush,erika.rush940@wallace-jones.com,2024-04-02,Spain
245,Michael,Edwards,michael.edwards328@wright-wilson.com,2024-02-15,United States
246,April,Mcintyre,april.mcintyre775@green.info,2022-11-30,Italy
247,Wendy,Mitchell,wendy.mitchell508@gonzalez-taylor.com,2023-12-04,Norway
248,Gerald,Reeves,gerald.reeves385@cochran.com,2025-01-07,Canada
249,Calvin,Daniels,calvin.daniels891@york-joseph.com,2025-05-17,Netherlands
250,Michael,Walker,michael.walker459@conner.info,2022-02-10,China
251,Michael,Armstrong,michael.armstrong509@lara-arnold.org,2025-10-05,Singapore
252,Christopher,Parker,christopher.parker439@higgins.org,2022-04-25,United States
253,David,Stewart,david.stewart218@cole.net,2023-06-20,Netherlands
254,David,Calderon,david.calderon282@bowman.biz,2024-02-21,United Arab Emirates
255,Renee,Brown,renee.brown371@holmes.com,2022-09-09,United Kingdom
256,Marcus,Fletcher,marcus.fletcher211@meza-stone.com,2025-08-07,Brazil
257,Christian,Gonzalez,christian.gonzalez453@hill.com,2024-02-20,Norway
258,Danielle,Vargas,danielle.vargas546@moore.org,2023-06-09,China
259,Megan,Elliott,megan.elliott218@miller.org,2023-02-16,South Korea
260,Debra,Wang,debra.wang690@montgomery-johnson.net,2023-03-26,Italy
261,Dawn,Turner,dawn.turner360@ballard.biz,2023-04-08,United Kingdom
262,Shawn,Barker,shawn.barker825@gonzales.info,2022-11-13,Brazil
263,Matthew,Thomas,matthew.thomas101@flores.biz,2022-07-23,China
264,Kathleen,Robertson,kathleen.robertson925@flores.com,2023-02-20,Singapore
265,Shannon,Thomas,shannon.thomas803@roberts.org,2023-10-12,Italy
266,John,Grimes,john.grimes472@li.com,2022-10-22,Brazil
267,Kathryn,Jimenez,kathryn.jimenez171@owens.com,2023-09-03,Norway
268,William,Levy,william.levy738@aguilar.com,2023-03-14,Norway
269,Troy,Khan,troy.khan779@chambers.com,2023-11-01,Australia
270,Dennis,Baker,dennis.baker837@gallagher-diaz.biz,2022-03-21,Sweden
271,Ashley,Lee,ashley.lee619@roberts.net,2023-03-11,Sweden
272,Marcia,Hanson,marcia.hanson782@wilson.com,2024-05-16,Brazil
273,Sheila,Fischer,sheila.fischer434@morrison.net,2022-03-04,South Korea
274,Brandon,Taylor,brandon.taylor813@brock-stone.com,2024-07-30,Sweden
275,Patricia,Taylor,patricia.taylor667@flores.com,2024-07-11,Germany
276,Matthew,Clayton,matthew.clayton296@burns.com,2023-07-27,Brazil
277,Mark,Rodriguez,mark.rodriguez780@silva-robles.com,2024-07-16,South Korea
278,Thomas,Coffey,thomas.coffey793@lane.com,2024-03-25,France
279,Cristina,Harvey,cristina.harvey730@hernandez-becker.com,2024-06-08,United Arab Emirates
280,Stacy,Rodriguez,stacy.rodriguez408@alexander.com,2023-10-04,South Korea
281,Hannah,Jenkins,hannah.jenkins661@knapp.com,2025-01-01,United States
282,Devin,Clark,devin.clark411@bolton-mendoza.biz,2023-05-03,Sweden
283,Sue,Stevens,sue.stevens315@peterson.com,2024-08-05,Brazil
284,Todd,Bernard,todd.bernard904@grant-walker.com,2025-04-12,United Arab Emirates
285,Keith,Clark,keith.clark721@burns.com,2023-03-24,Norway
286,David,Rhodes,david.rhodes576@huang-foster.com,2025-04-15,Mexico
287,Linda,Roberts,linda.roberts552@moses-miller.info,2024-10-16,Italy
288,Jonathan,Mendoza,jonathan.mendoza623@clayton.net,2024-12-17,India
289,Joseph,Rodriguez,joseph.rodriguez912@matthews.net,2022-12-17,France
290,Dana,Williams,dana.williams774@rivera-kennedy.com,2022-01-09,Canada
291,Tamara,Spence,tamara.spence390@russell.info,2024-10-07,China
292,James,Maynard,james.maynard779@mitchell-brown.com,2024-10-10,Norway
293,Audrey,Nichols,audrey.nichols195@jefferson.biz,2025-10-02,Spain
294,Mary,Peck,mary.peck788@osborn.info,2022-10-17,Sweden
295,Sharon,Hayden,sharon.hayden330@mcdowell-smith.org,2024-07-25,Italy
296,Daniel,Bird,daniel.bird250@gibson-davidson.net,2024-02-07,United States
297,Pamela,Anderson,pamela.anderson147@mcdonald.com,2025-02-09,Spain
298,Stephen,Scott,stephen.scott586@smith.com,2024-06-01,Canada
299,Emily,Lee,emily.lee566@chase.net,2023-05-25,Brazil
300,Christopher,Caldwell,christopher.caldwell744@holden.com,2023-01-21,United Arab Emirates
301,Adam,Reyes,adam.reyes299@molina-finley.com,2024-06-23,South Korea
302,Jennifer,Smith,jennifer.smith606@ward.info,2023-04-22,South Korea
303,Erik,Parks,erik.parks349@carrillo.com,2023-07-25,Germany
304,Christina,Robinson,christina.robinson771@mendoza.org,2023-08-04,United States
305,Robert,Dunn,robert.dunn868@todd-pham.com,2025-03-29,Australia
306,John,Fischer,john.fischer897@fox.com,2022-05-02,Brazil
307,Samantha,Rodriguez,samantha.rodriguez324@leach.com,2023-05-25,France
308,Melissa,Ramos,melissa.ramos923@harris.net,2023-11-24,China
309,Lindsey,Chavez,lindsey.chavez575@perry.com,2025-01-28,United Kingdom
310,Andrew,Scott,andrew.scott670@reese.com,2022-03-12,Spain
311,Rodney,Graves,rodney.graves968@mcknight.info,2022-02-19,Australia
312,Justin,White,justin.white567@cannon.biz,2023-08-05,Germany
313,Victoria,Reyes,victoria.reyes920@bennett-vega.net,2022-07-26,Mexico
314,Desiree,Bailey,desiree.bailey783@haney.net,2022-07-17,China
315,Jessica,Walker,jessica.walker672@avila.info,2024-11-12,Norway
316,Jennifer,Coleman,jennifer.coleman873@morrow-wright.com,2022-08-29,Mexico
317,Joshua,Pineda,joshua.pineda727@cannon.org,2025-04-05,China
318,Sharon,Small,sharon.small536@harris.org,2022-02-22,Singapore
319,Sean,Powers,sean.powers556@sanchez.biz,2023-11-13,France
320,Jimmy,Robinson,jimmy.robinson861@taylor.com,2025-06-21,India
321,Sabrina,Johnston,sabrina.johnston560@harper.com,2025-09-23,Netherlands
322,Douglas,Keller,douglas.keller869@gutierrez.com,2024-05-14,Spain
323,Stacy,Hobbs,stacy.hobbs960@garrett.net,2024-02-09,Netherlands
324,Brandon,Cooper,brandon.cooper884@powers.biz,2023-09-27,China
325,Edward,Bennett,edward.bennett596@wells.com,2025-06-05,Spain
326,Steven,Brown,steven.brown381@faulkner-grant.com,2023-08-27,Mexico
327,John,Harris,john.harris179@miller.net,2025-01-30,Sweden
328,Maria,Williams,maria.williams340@nunez-morrison.com,2022-10-20,Netherlands
329,Linda,Matthews,linda.matthews443@hansen.com,2023-04-16,Norway
330,Susan,Smith,susan.smith653@hayden.info,2023-01-12,Canada
331,Heather,Padilla,heather.padilla241@herman-arnold.com,2023-08-15,Germany
332,Steven,Wong,steven.wong336@green-hunt.info,2023-12-25,South Korea
333,Corey,Zavala,corey.zavala810@gill-flores.com,2023-07-30,Germany
334,Lawrence,Williams,lawrence.williams823@figueroa.com,2024-05-09,Italy
335,Sarah,Riley,sarah.riley165@phillips-gonzalez.com,2023-08-14,Brazil
336,Ashley,Sanchez,ashley.sanchez517@pena.info,2025-01-29,Norway
337,Darlene,Henry,darlene.henry655@oconnor.com,2022-08-06,Mexico
338,Jennifer,Freeman,jennifer.freeman525@mooney.com,2025-06-24,United Kingdom
339,Elizabeth,Duran,elizabeth.duran311@taylor-mccoy.com,2025-01-03,Brazil
340,Edward,Robinson,edward.robinson498@brooks-williamson.org,2024-01-21,United Arab Emirates
341,Donna,Smith,donna.smith812@arnold.com,2024-04-12,United States
342,Tiffany,Smith,tiffany.smith977@craig.com,2022-05-30,United Arab Emirates
343,Alice,Allen,alice.allen489@fox.biz,2022-05-03,India
344,Nathan,Sullivan,nathan.sullivan106@sanchez.com,2024-10-12,Japan
345,Victoria,Santos,victoria.santos405@davis.biz,2024-05-08,South Korea
346,Thomas,Walsh,thomas.walsh973@jackson.com,2024-05-29,Brazil
347,Tiffany,Dickson,tiffany.dickson651@ellison.org,2024-01-09,Singapore
348,Joseph,Glass,joseph.glass919@frost.com,2022-10-06,Spain
349,Sarah,Edwards,sarah.edwards599@matthews.biz,2022-04-30,Spain
350,Kevin,Elliott,kevin.elliott379@davenport.com,2023-08-20,Brazil
351,Karla,Taylor,karla.taylor597@ramsey.com,2022-06-01,United States
352,Samuel,Roberson,samuel.roberson498@jacobs-austin.org,2023-09-09,Norway
353,Tanya,Nguyen,tanya.nguyen784@nelson.com,2024-05-09,South Korea
354,Shelley,Reynolds,shelley.reynolds841@willis.com,2025-05-24,France
355,John,Jones,john.jones960@moore-dawson.com,2025-02-23,Mexico
356,Peter,Ward,peter.ward230@smith.info,2023-07-14,Singapore
357,Kathleen,Garcia,kathleen.garcia127@lopez.net,2024-05-11,South Korea
358,William,Garcia,william.garcia706@gomez.org,2024-07-18,United Arab Emirates
359,Kristen,Shields,kristen.shields778@carter.com,2025-01-31,United States
360,Rachel,Stein,rachel.stein185@armstrong.biz,2022-09-21,Brazil
361,Dominic,Turner,dominic.turner238@thomas-jackson.com,2023-10-17,Mexico
362,Kevin,Patton,kevin.patton286@king-wright.info,2024-07-11,United Kingdom
363,Christina,Ellis,christina.ellis366@torres.com,2025-07-31,South Korea
364,Christine,Brock,christine.brock435@alexander-jordan.org,2022-07-31,Italy
365,Kevin,Morrison,kevin.morrison565@harris.com,2023-03-29,Norway
366,Jessica,Chen,jessica.chen445@casey.biz,2023-07-22,South Korea
367,Daniel,Elliott,daniel.elliott384@osborn.com,2025-02-03,Brazil
368,Steven,Erickson,steven.erickson358@salinas-guerra.com,2025-06-26,Canada
369,Melanie,Pope,melanie.pope581@porter.com,2025-01-16,United States
370,Rodney,Bennett,rodney.bennett867@ewing-mendoza.biz,2024-04-10,Singapore
371,William,Knapp,william.knapp153@barnes.net,2024-07-11,Japan
372,Danielle,Miller,danielle.miller329@sandoval.com,2024-10-02,Canada
373,Cheyenne,Hart,cheyenne.hart899@byrd.biz,2022-06-14,United Kingdom
374,Alex,Green,alex.green872@burgess.com,2023-11-24,United States
375,Neil,Ford,neil.ford353@chapman.com,2024-01-20,Italy
376,Dan,Perry,dan.perry959@wilson.com,2023-06-26,United States
377,Larry,Gibson,larry.gibson736@boyd.info,2022-06-01,Germany
378,Samuel,Horton,samuel.horton344@jones-williams.com,2022-02-05,Germany
379,Melinda,Wong,melinda.wong584@marsh.net,2022-09-29,Australia
380,Andrea,Rivera,andrea.rivera677@mullen-hall.biz,2024-09-05,Italy
381,Jack,Davidson,jack.davidson576@foster-mclaughlin.com,2023-11-30,Netherlands
382,Brittany,Price,brittany.price885@lewis.com,2024-06-15,Japan
383,Cristian,Wiggins,cristian.wiggins271@diaz.info,2022-06-27,Australia
384,Jose,Huffman,jose.huffman896@church.biz,2024-06-30,France
385,Danny,Bell,danny.bell418@williamson-cervantes.com,2024-08-12,Australia
386,Brittany,Powers,brittany.powers692@wilson-torres.com,2023-08-03,United States
387,Heather,Dixon,heather.dixon419@carlson-andrews.biz,2022-10-16,United Arab Emirates
388,Tommy,Medina,tommy.medina793@arias.com,2022-08-06,South Korea
389,Jacob,Wilkinson,jacob.wilkinson506@brown.com,2022-10-31,Italy
390,Lisa,Maynard,lisa.maynard177@delgado.info,2024-01-30,United Arab Emirates
391,Gary,Cunningham,gary.cunningham807@carter.com,2024-04-15,Spain
392,Keith,Norman,keith.norman204@newton.com,2024-06-08,Sweden
393,Danny,Hampton,danny.hampton970@weaver-sherman.info,2024-04-28,Australia
394,Jeffery,Coleman,jeffery.coleman915@greer.com,2023-11-30,United Arab Emirates
395,Jose,Atkins,jose.atkins901@gonzales.com,2022-11-23,United Kingdom
396,Lisa,Matthews,lisa.matthews455@callahan-bishop.biz,2022-09-15,Singapore
397,Christina,Glover,christina.glover538@trujillo.com,2024-04-06,Japan
398,Juan,Ryan,juan.ryan170@werner-carter.org,2023-02-20,China
399,Stephanie,Robertson,stephanie.robertson763@ochoa.biz,2022-04-03,Norway
400,Victoria,Camacho,victoria.camacho112@miles.com,2022-08-16,Brazil
401,Jennifer,Poole,jennifer.poole942@long.biz,2023-08-06,India
402,Shannon,Schultz,shannon.schultz208@powell.com,2024-12-15,Brazil
403,Sharon,Wood,sharon.wood470@murphy-smith.com,2025-02-09,Mexico
404,Teresa,Reid,teresa.reid824@howard.com,2023-10-30,Germany
405,Mallory,Simpson,mallory.simpson545@clayton-morgan.org,2022-07-22,France
406,Ashlee,Washington,ashlee.washington851@shannon-farmer.com,2022-06-04,China
407,Connie,Copeland,connie.copeland766@martinez.info,2023-12-11,Netherlands
408,Aaron,Rubio,aaron.rubio730@forbes.com,2022-09-04,Singapore
409,Nancy,Mcdowell,nancy.mcdowell893@pena.com,2023-08-01,India
410,Elizabeth,Banks,elizabeth.banks576@sanders.com,2023-10-29,Brazil
411,Diana,Padilla,diana.padilla945@lewis.com,2024-07-11,United Arab Emirates
412,Jeremy,Frazier,jeremy.frazier374@smith.com,2025-08-29,Norway
413,Robert,Anderson,robert.anderson972@perez.com,2022-06-10,Spain
414,Lawrence,Ibarra,lawrence.ibarra950@reyes.com,2022-04-17,Canada
415,Alyssa,Smith,alyssa.smith385@martin.com,2023-10-02,Mexico
416,Christina,Ramos,christina.ramos349@miller.com,2025-03-14,Mexico
417,David,Blair,david.blair683@richmond-edwards.com,2023-01-20,South Korea
418,Joshua,Miller,joshua.miller444@burke.com,2025-08-10,United States
419,Melanie,Liu,melanie.liu606@holmes.com,2025-03-07,Norway
420,Peter,Lucas,peter.lucas286@simpson.com,2024-02-16,India
421,Danielle,Jones,danielle.jones317@hatfield.com,2023-08-24,Japan
422,Michelle,Carroll,michelle.carroll916@payne-thompson.info,2025-04-11,Netherlands
423,Charles,Matthews,charles.matthews448@baker.com,2025-05-11,Netherlands
424,Raymond,Mitchell,raymond.mitchell710@mason.com,2024-09-22,Netherlands
425,Amanda,Jensen,amanda.jensen669@miller-miller.com,2025-06-09,United States
426,Eric,Murphy,eric.murphy629@walters.com,2023-04-27,Italy
427,Holly,Blair,holly.blair187@brown.biz,2022-06-30,Spain
428,Shawn,Lynch,shawn.lynch837@wade-barrett.com,2022-07-05,Brazil
429,Alexander,Taylor,alexander.taylor600@martin.net,2024-03-14,Singapore
430,Krista,Le,krista.le876@watson.com,2025-02-12,Spain
431,Olivia,Wise,olivia.wise807@rogers.com,2024-03-24,India
432,Caleb,Joseph,caleb.joseph761@burton.com,2024-02-16,India
433,Michele,Jackson,michele.jackson558@scott.org,2024-11-13,United States
434,Jennifer,Perez,jennifer.perez195@smith.com,2024-01-03,Sweden
435,Michael,Mora,michael.mora326@velazquez.net,2025-06-01,South Korea
436,Robin,Yang,robin.yang808@walker-wright.com,2023-02-26,Spain
437,Margaret,Duncan,margaret.duncan413@shaw.com,2022-12-13,United Arab Emirates
438,Linda,Jarvis,linda.jarvis477@jones-marshall.com,2025-04-16,India
439,Megan,Murphy,megan.murphy666@bryant.com,2025-02-22,China
440,Cindy,Marshall,cindy.marshall452@bonilla.net,2025-03-27,Brazil
441,Laura,Hernandez,laura.hernandez863@johnson-weaver.com,2023-06-05,Singapore
442,Aaron,Sandoval,aaron.sandoval438@acosta.com,2023-10-15,Japan
443,Travis,Brown,travis.brown819@dawson.com,2022-12-26,Mexico
444,Phyllis,Meyer,phyllis.meyer377@huang.org,2022-05-29,Sweden
445,William,Walsh,william.walsh357@jones-bradley.biz,2024-10-26,Spain
446,Tamara,Young,tamara.young223@rosales-howe.biz,2024-12-24,Italy
447,Marie,Nguyen,marie.nguyen423@nelson-jones.com,2022-07-31,Australia
448,Kimberly,Richards,kimberly.richards860@garcia.info,2023-05-03,Singapore
449,Richard,Herrera,richard.herrera880@hayes.com,2025-08-17,France
450,David,Moore,david.moore296@torres.com,2025-07-22,Italy
451,Melissa,Hernandez,melissa.hernandez856@wright.com,2023-02-09,India
452,Lori,Thompson,lori.thompson383@bond-hawkins.net,2023-01-24,United Arab Emirates
453,Cody,Garcia,cody.garcia878@martinez.com,2022-07-23,China
454,James,Morales,james.morales711@mccoy.com,2025-06-16,Sweden
455,Charles,Osborn,charles.osborn202@orr.com,2022-05-23,Italy
456,Rebecca,Calderon,rebecca.calderon403@martinez-dunlap.com,2022-09-18,Spain
457,Sandra,Hamilton,sandra.hamilton469@foster.com,2023-07-04,France
458,Jason,Lopez,jason.lopez409@griffin-hernandez.org,2024-08-19,United States
459,Christina,Holland,christina.holland825@jenkins-pierce.com,2022-05-17,Singapore
460,Joshua,Taylor,joshua.taylor229@day.com,2024-09-06,Netherlands
461,Virginia,Stephens,virginia.stephens146@mayo.com,2024-01-16,United Kingdom
462,Amy,Washington,amy.washington666@shaw.com,2024-07-16,Sweden
463,Jeffery,Huang,jeffery.huang814@brown-frey.net,2023-07-10,Germany
464,Katie,Key,katie.key753@garcia.com,2023-02-19,India
465,Amanda,Moody,amanda.moody205@brown.biz,2023-07-06,United States
466,Savannah,Frey,savannah.frey687@thompson.com,2025-06-06,Sweden
467,Joanna,Howard,joanna.howard580@johnson.org,2022-08-09,India
468,Anna,Lopez,anna.lopez551@weaver-thompson.com,2022-05-21,Norway
469,Brian,Guzman,brian.guzman288@fox.com,2024-08-12,United Kingdom
470,James,Anderson,james.anderson358@thompson.com,2022-02-04,India
471,Dylan,Bush,dylan.bush216@schroeder.com,2022-04-23,Canada
472,Nathaniel,Mcmahon,nathaniel.mcmahon510@willis-rogers.com,2022-07-31,India
473,Theresa,Oconnor,theresa.oconnor175@conner-yu.com,2022-09-28,United Arab Emirates
474,Jasmine,Hoffman,jasmine.hoffman744@buchanan.com,2023-08-11,United Kingdom
475,Kurt,Barker,kurt.barker255@thompson.org,2023-09-01,Germany
476,Melissa,Townsend,melissa.townsend930@johnson.org,2022-12-10,United Arab Emirates
477,Danielle,Garcia,danielle.garcia411@taylor-mcgee.com,2023-06-23,Canada
478,Toni,Jackson,toni.jackson354@underwood.com,2023-11-25,Australia
479,Alexander,Clark,alexander.clark671@jones.com,2022-03-16,Brazil
480,Paul,Oconnor,paul.oconnor720@wilkerson.biz,2023-06-30,Spain
481,Amy,Garcia,amy.garcia894@kramer-lane.com,2022-09-10,China
482,Shannon,Lloyd,shannon.lloyd489@phillips.com,2022-06-12,Mexico
483,Charles,Jackson,charles.jackson553@martin-jones.com,2023-06-09,Sweden
484,Brooke,Austin,brooke.austin980@bush-reynolds.com,2024-08-01,United Arab Emirates
485,Pamela,Moore,pamela.moore539@rivera.biz,2024-12-19,Sweden
486,Angela,Frost,angela.frost682@baker.com,2023-09-03,United Kingdom
487,Ashley,Larsen,ashley.larsen724@brown.biz,2022-05-17,Australia
488,Kelly,Stanley,kelly.stanley881@castillo.com,2022-05-08,Italy
489,Thomas,Wilson,thomas.wilson740@ruiz-jacobson.com,2022-05-22,Italy
490,Darlene,Hughes,darlene.hughes370@mcclure-wood.info,2022-03-11,Canada
491,Jose,Marshall,jose.marshall260@hood.com,2022-08-23,Spain
492,Karen,Contreras,karen.contreras277@barnett.biz,2025-03-21,Singapore
493,Brittany,Spencer,brittany.spencer176@cardenas-barnes.net,2024-12-03,France
494,Michelle,Wells,michelle.wells102@alvarez.biz,2025-08-19,Brazil
495,Jennifer,Shaw,jennifer.shaw561@mcbride.com,2025-03-22,India
496,Shane,Rush,shane.rush398@stanton.com,2022-03-08,United Kingdom
497,Rodney,Mcneil,rodney.mcneil337@harris-carson.com,2025-07-19,Sweden
498,Brooke,Flores,brooke.flores823@sloan.biz,2024-05-07,Sweden
499,Mark,Hill,mark.hill819@stark-smith.org,2024-07-01,Mexico
500,Alexandra,Barnes,alexandra.barnes172@hernandez-knight.org,2025-03-24,Spain
501,Tammie,Garcia,tammie.garcia370@hart.com,2025-09-09,United Arab Emirates
502,Amanda,Cooper,amanda.cooper777@baker-pena.org,2024-08-03,Italy
503,Thomas,Jackson,thomas.jackson535@thomas-franklin.biz,2022-03-02,Australia
504,Randy,Koch,randy.koch657@young.com,2022-02-01,Spain
505,Matthew,Leon,matthew.leon763@ramirez-vasquez.com,2025-09-11,Germany
506,Jeremy,Turner,jeremy.turner372@ramos.biz,2024-07-28,Germany
507,Debbie,Lopez,debbie.lopez173@mcintyre.info,2025-03-25,United Kingdom
508,Zachary,Brooks,zachary.brooks269@robertson.com,2023-04-29,Sweden
509,Jenna,Powell,jenna.powell709@suarez.com,2025-07-24,United Arab Emirates
510,Brian,Johnson,brian.johnson395@hull.com,2023-03-02,Mexico
511,Micheal,Marshall,micheal.marshall227@reid-martinez.com,2023-01-11,Mexico
512,Nathan,Wheeler,nathan.wheeler805@horne.org,2024-05-06,Sweden
513,Michael,Martin,michael.martin816@curry-barker.com,2022-02-12,South Korea
514,Paul,Martin,paul.martin378@chan.com,2024-11-18,China
515,Jamie,Pearson,jamie.pearson652@smith.com,2024-01-07,India
516,Rhonda,Holland,rhonda.holland548@owen.com,2025-01-12,Canada
517,Tammy,Day,tammy.day712@woodard-york.info,2023-01-27,United Kingdom
518,Jeffery,Turner,jeffery.turner542@holloway.net,2024-10-25,Norway
519,Tammy,Franco,tammy.franco718@holland.com,2024-01-19,Netherlands
520,Caleb,Mcneil,caleb.mcneil126@nguyen.com,2022-10-20,Canada
521,Edward,Cannon,edward.cannon334@trujillo.biz,2024-10-23,United Arab Emirates
522,Luis,Taylor,luis.taylor701@rios.com,2023-10-13,United States
523,Richard,Doyle,richard.doyle883@erickson.com,2024-12-02,Netherlands
524,Amanda,Glover,amanda.glover690@howard.net,2022-10-09,United Kingdom
525,Kelly,Ruiz,kelly.ruiz881@green.com,2024-11-21,France
526,Rachel,Pena,rachel.pena581@kelly.com,2023-10-16,China
527,Kristin,Rivera,kristin.rivera767@richards-ford.com,2024-01-01,Mexico
528,Brian,Walters,brian.walters384@blackburn.net,2022-07-06,France
529,Mikayla,James,mikayla.james699@gutierrez-pitts.com,2022-08-02,Brazil
530,Victoria,Cooper,victoria.cooper750@orozco.com,2025-04-25,India
531,Christopher,Cook,christopher.cook193@edwards.com,2023-12-04,India
532,Joshua,Juarez,joshua.juarez456@johnston.info,2025-05-04,Brazil
533,Kathryn,Miller,kathryn.miller441@hamilton.info,2023-08-19,Norway
534,Adam,Ferguson,adam.ferguson786@watson.net,2022-10-24,Australia
535,Andrew,Smith,andrew.smith978@wright.com,2022-06-09,France
536,Patrick,Chapman,patrick.chapman437@brown.com,2023-03-28,Brazil
537,Stephen,Meyer,stephen.meyer810@morgan.com,2024-02-01,India
538,Michael,Lopez,michael.lopez395@smith-walker.com,2022-11-25,South Korea
539,Jessica,Lawrence,jessica.lawrence933@martinez.com,2023-08-06,Singapore
540,Nancy,Scott,nancy.scott137@dean.com,2024-10-12,Mexico
541,Mary,Williams,mary.williams190@butler.com,2024-04-30,Norway
542,Johnny,Miles,johnny.miles358@neal.com,2023-04-13,Norway
543,Robert,Garcia,robert.garcia218@nelson.com,2024-03-05,South Korea
544,Jennifer,Wilson,jennifer.wilson985@glover.com,2024-08-04,China
545,James,Baker,james.baker944@dudley.com,2022-03-03,United States
546,Amy,Lozano,amy.lozano773@fitzpatrick.com,2022-06-21,Singapore
547,Mary,Caldwell,mary.caldwell573@herring.com,2025-01-29,Brazil
548,Jennifer,Conway,jennifer.conway155@hall.info,2022-03-19,Italy
549,Cory,Thompson,cory.thompson630@phelps.com,2023-10-24,Japan
550,Joanna,Davis,joanna.davis737@smith.com,2023-05-26,India
551,Michael,Kim,michael.kim740@adams.com,2022-10-12,Mexico
552,Daniel,Ross,daniel.ross878@nelson-cruz.info,2025-05-27,United Kingdom
553,Robert,Mercado,robert.mercado308@wilson.com,2025-08-04,Netherlands
554,Erik,Perry,erik.perry662@webb.org,2023-08-13,Germany
555,Kimberly,Carr,kimberly.carr394@hobbs.info,2024-01-29,Mexico
556,Daniel,Jenkins,daniel.jenkins815@brown.com,2022-01-20,India
557,Janet,Gregory,janet.gregory224@ray.com,2024-03-17,United States
558,Alexandra,Haynes,alexandra.haynes745@reynolds.com,2024-01-19,Spain
559,Michael,Rhodes,michael.rhodes826@hernandez-serrano.org,2022-03-26,France
560,Alexander,Michael,alexander.michael418@allison.com,2025-03-13,Singapore
561,Travis,Allen,travis.allen114@williams-walker.biz,2023-09-19,Singapore
562,Lisa,Miller,lisa.miller517@solis-west.info,2023-11-26,Canada
563,Leslie,Hooper,leslie.hooper330@valdez.net,2024-05-02,Australia
564,Aaron,Davis,aaron.davis572@richmond.net,2022-11-18,Australia
565,Diamond,Bryant,diamond.bryant763@cox-brown.com,2025-08-04,Germany
566,Shawn,Castro,shawn.castro610@greene.info,2022-06-27,Sweden
567,Connor,Hopkins,connor.hopkins621@peterson.com,2024-04-30,Netherlands
568,Alejandra,Park,alejandra.park525@prince.com,2025-06-30,India
569,Jennifer,Griffith,jennifer.griffith583@king.com,2022-07-07,Spain
570,Sarah,Long,sarah.long567@summers-lee.com,2022-06-17,Singapore
571,Katherine,Williams,katherine.williams248@monroe.info,2023-12-12,South Korea
572,Dominique,Blanchard,dominique.blanchard295@maynard.net,2025-02-17,China
573,Brandon,Mcconnell,brandon.mcconnell864@webb.com,2024-12-10,Germany
574,Beth,Cross,beth.cross984@garcia.org,2024-07-30,Canada
575,Nicole,Gordon,nicole.gordon382@barnes-lynch.com,2023-03-02,Brazil
576,Raymond,Cooper,raymond.cooper448@chavez-anderson.biz,2024-07-24,China
577,Holly,Goodman,holly.goodman373@cameron-kelley.com,2025-01-10,United States
578,Jillian,Spencer,jillian.spencer389@harris.com,2024-12-02,Sweden
579,Michael,Chambers,michael.chambers957@santos.com,2025-01-08,United Arab Emirates
580,Darrell,Bell,darrell.bell693@aguilar-bender.biz,2024-11-13,India
581,Julie,Skinner,julie.skinner986@rich-henderson.com,2024-03-23,Germany
582,Daniel,James,daniel.james557@santiago.com,2025-03-11,Singapore
583,Kristen,Terrell,kristen.terrell595@king.com,2022-11-13,Japan
584,Karen,Johnson,karen.johnson440@garcia-parrish.net,2025-09-05,Singapore
585,Jeffrey,Holland,jeffrey.holland881@young-mueller.com,2024-12-12,Singapore
586,Elizabeth,House,elizabeth.house486@butler-french.com,2024-05-07,Mexico
587,Brian,Manning,brian.manning429@oliver.com,2024-09-11,Italy
588,Janet,Holland,janet.holland814@payne.com,2023-04-02,Spain
589,Shane,Lucero,shane.lucero685@lopez.net,2022-07-05,South Korea
590,Nicholas,Patterson,nicholas.patterson339@baker.com,2023-05-29,Brazil
591,Steven,Pineda,steven.pineda144@hernandez.org,2022-03-21,Norway
592,Kim,Garrett,kim.garrett862@turner.com,2025-05-02,India
593,Jasmine,Fox,jasmine.fox822@meyer.com,2023-10-09,South Korea
594,Amy,Powell,amy.powell495@walker-lewis.com,2023-05-30,Germany
595,Michael,Robinson,michael.robinson607@moreno.com,2022-06-28,United Kingdom
596,Elizabeth,Griffin,elizabeth.griffin229@austin.com,2023-08-16,China
597,Ruth,Landry,ruth.landry704@scott-ramsey.com,2024-03-13,Norway
598,Lynn,Brooks,lynn.brooks990@griffin.com,2023-05-13,Australia
599,Willie,Vaughan,willie.vaughan995@bonilla.net,2022-01-12,Mexico
600,Courtney,Clark,courtney.clark202@ayala.com,2022-11-16,China
601,Amanda,Park,amanda.park567@rowe.com,2022-02-06,United States
602,Stephen,Rivera,stephen.rivera839@jones.com,2024-05-16,Germany
603,Chad,Underwood,chad.underwood519@russell-hayes.biz,2023-11-04,Germany
604,Leslie,Price,leslie.price176@nichols.org,2022-04-09,India
605,Katelyn,Richards,katelyn.richards900@charles.com,2025-05-07,Netherlands
606,Gina,Obrien,gina.obrien446@hubbard-kim.biz,2025-07-01,South Korea
607,Donna,Wells,donna.wells765@robinson.net,2023-04-04,Canada
608,Susan,Thomas,susan.thomas972@eaton.com,2022-01-18,Norway
609,Angela,Peters,angela.peters972@williams.org,2023-09-05,Singapore
610,Amanda,Arroyo,amanda.arroyo489@clark-figueroa.com,2022-11-25,Norway
611,Robert,Brewer,robert.brewer741@thomas.com,2022-10-29,India
612,Danny,Lambert,danny.lambert993@phelps.net,2023-12-18,Singapore
613,Deanna,Jones,deanna.jones136@jones.info,2023-05-29,Canada
614,Michael,Lambert,michael.lambert340@garcia.com,2025-10-30,Sweden
615,James,Tucker,james.tucker332@jensen-torres.org,2022-08-25,Canada
616,Ariana,Diaz,ariana.diaz544@benjamin-jackson.com,2023-01-18,Australia
617,Kristen,Joseph,kristen.joseph878@graham.com,2025-09-25,Australia
618,Timothy,Griffin,timothy.griffin554@tucker-rodriguez.org,2022-05-08,France
619,Meagan,Trevino,meagan.trevino810@vance.com,2025-02-13,Sweden
620,Olivia,Jones,olivia.jones129@mcclain.com,2025-06-16,United Kingdom
621,Bonnie,Sullivan,bonnie.sullivan432@lewis.net,2024-01-04,United Kingdom
622,Desiree,Hernandez,desiree.hernandez400@walker-barton.com,2022-07-27,Japan
623,Steven,Dixon,steven.dixon483@cox-smith.com,2025-08-10,Brazil
624,Tamara,Holden,tamara.holden249@martin.com,2024-05-29,Spain
625,Stacy,Hopkins,stacy.hopkins643@fitzgerald.com,2022-03-04,Brazil
626,Jeffery,Freeman,jeffery.freeman679@baker.com,2024-11-04,France
627,Jamie,Velez,jamie.velez274@hughes-hardin.com,2022-03-03,France
628,Tina,Nguyen,tina.nguyen180@schmitt.com,2024-06-17,South Korea
629,Amy,Thompson,amy.thompson734@gray.com,2024-03-13,Spain
630,John,Kaufman,john.kaufman609@black.com,2024-01-27,United Arab Emirates
631,Laura,Eaton,laura.eaton246@shaw.info,2022-09-15,Spain
632,Jerry,Robertson,jerry.robertson572@lewis-lopez.com,2024-07-24,Netherlands
633,Jennifer,Wilson,jennifer.wilson570@perry.com,2024-01-19,Netherlands
634,Emma,Mendoza,emma.mendoza782@martin.com,2022-07-18,United States
635,Ashley,Martin,ashley.martin923@hunt.com,2023-02-06,Mexico
636,Sandra,Black,sandra.black394@greene-elliott.com,2025-09-26,Singapore
637,Jennifer,Stanley,jennifer.stanley261@valentine-robinson.org,2024-01-03,Canada
638,Michelle,Jackson,michelle.jackson552@burke-norton.com,2024-08-26,Japan
639,Donna,Baker,donna.baker701@jennings.com,2022-12-24,Sweden
640,Nicholas,Anderson,nicholas.anderson754@harris.biz,2025-07-07,Brazil
641,Edward,Davis,edward.davis806@valenzuela-greene.net,2024-02-21,Netherlands
642,Karen,Davis,karen.davis567@anderson.biz,2024-03-21,Sweden
643,Robert,Golden,robert.golden303@moreno.biz,2023-06-29,South Korea
644,Brianna,Figueroa,brianna.figueroa973@johnston.com,2025-08-27,India
645,Christopher,George,christopher.george209@ortiz.com,2024-06-16,Spain
646,Alexandra,Meyer,alexandra.meyer490@pena-watts.com,2023-09-28,United Arab Emirates
647,Michael,Moore,michael.moore467@richards.org,2023-07-23,United Arab Emirates
648,Cheryl,Braun,cheryl.braun402@fischer-gutierrez.net,2024-01-20,Sweden
649,Guy,Hansen,guy.hansen122@king-parker.com,2025-04-17,South Korea
650,Janice,Fitzgerald,janice.fitzgerald381@wilson.com,2022-06-05,United States
651,Jason,Morales,jason.morales679@owen-mendez.com,2022-09-07,United Kingdom
652,Paul,Fields,paul.fields720@morrow.org,2023-11-08,India
653,Christopher,Baker,christopher.baker952@miller-johnson.biz,2023-09-15,Sweden
654,Christina,Meyer,christina.meyer894@stuart.com,2024-09-21,Spain
655,Troy,Smith,troy.smith721@galvan.org,2024-03-04,Japan
656,Zachary,Hall,zachary.hall324@craig.com,2024-10-14,Italy
657,Aaron,Moore,aaron.moore735@chan-gomez.biz,2023-09-22,Netherlands
658,Brenda,Holmes,brenda.holmes794@padilla.net,2024-06-24,Germany
659,Michael,Richmond,michael.richmond743@perez-mccarty.info,2023-09-20,Australia
660,Bailey,Green,bailey.green742@hunter-hansen.net,2023-04-03,United Kingdom
661,Matthew,Wilson,matthew.wilson416@frye.org,2023-01-24,Mexico
662,Heather,Church,heather.church134@webb.info,2024-11-24,United Arab Emirates
663,Steven,Matthews,steven.matthews473@olson.com,2023-08-18,Germany
664,Cynthia,Gamble,cynthia.gamble192@haynes.com,2024-03-13,Sweden
665,Amanda,Haynes,amanda.haynes434@wright-davis.com,2022-04-29,Brazil
666,Angela,White,angela.white279@gomez-shannon.com,2022-10-11,Italy
667,Stacey,Vega,stacey.vega235@porter.com,2025-02-16,Singapore
668,John,Baker,john.baker997@harris.org,2023-07-08,Japan
669,Eric,Rodriguez,eric.rodriguez643@lowe.info,2024-08-11,China
670,Adam,Vincent,adam.vincent379@charles.org,2023-05-05,France
671,Travis,Galloway,travis.galloway363@melton.net,2023-03-12,India
672,Raymond,Christensen,raymond.christensen925@brown.info,2024-04-20,Sweden
673,Antonio,Reed,antonio.reed864@parsons.net,2023-12-16,Norway
674,Leslie,Smith,leslie.smith923@clark.org,2025-08-31,Australia
675,Jordan,Dunn,jordan.dunn579@adams.com,2023-07-23,Canada
676,Ivan,Coleman,ivan.coleman244@haynes-watson.biz,2023-03-11,Spain
677,Shannon,Duncan,shannon.duncan980@parks.com,2024-05-12,South Korea
678,Ryan,James,ryan.james966@marsh.com,2024-01-05,Singapore
679,Linda,Thompson,linda.thompson474@taylor-barry.net,2024-04-09,Canada
680,Jennifer,Floyd,jennifer.floyd909@king-garrison.com,2023-09-11,South Korea
681,Corey,Martin,corey.martin114@cervantes.com,2023-11-30,Netherlands
682,Julie,Green,julie.green649@castro-frederick.com,2023-06-19,Australia
683,Andrew,Martinez,andrew.martinez565@mccarty.net,2022-09-29,Japan
684,Tiffany,Mitchell,tiffany.mitchell788@nunez-freeman.info,2025-10-13,Netherlands
685,Christian,Austin,christian.austin698@welch-thomas.com,2024-09-22,South Korea
686,Lindsey,Rogers,lindsey.rogers942@salazar.com,2022-09-09,Japan
687,Matthew,Edwards,matthew.edwards210@carter.com,2025-10-10,Spain
688,Sean,Roy,sean.roy582@adkins-meyer.info,2023-10-06,United States
689,Gary,Dickerson,gary.dickerson734@luna.com,2025-03-01,Singapore
690,Jackie,Miller,jackie.miller435@sanders.com,2025-09-26,Spain
691,Thomas,Brown,thomas.brown763@warren-ferrell.com,2023-02-12,Canada
692,Christine,Miller,christine.miller750@parker-wright.com,2023-11-20,Mexico
693,Courtney,Anderson,courtney.anderson817@johnson.com,2025-08-29,Sweden
694,Rose,Lin,rose.lin764@proctor-fernandez.com,2024-05-02,Brazil
695,Sean,Montes,sean.montes219@ryan.org,2023-11-07,Germany
696,Alexandra,Fowler,alexandra.fowler146@stout-olson.com,2025-06-04,United Kingdom
697,Christopher,Parker,christopher.parker411@green-torres.com,2024-03-23,India
698,Lisa,Charles,lisa.charles218@mitchell-nichols.info,2025-03-19,Australia
699,Thomas,Smith,thomas.smith340@yates-harper.com,2024-05-01,Singapore
700,Nathaniel,Jenkins,nathaniel.jenkins238@kim.biz,2025-07-10,South Korea
701,Nicholas,Baker,nicholas.baker564@garrett-black.org,2025-06-08,Japan
702,Heather,Nelson,heather.nelson786@paul.com,2022-10-11,Singapore
703,Derrick,Rodriguez,derrick.rodriguez529@williamson-nelson.org,2024-02-04,United Arab Emirates
704,Jacob,Smith,jacob.smith860@booker.com,2022-06-08,Germany
705,Julian,Martinez,julian.martinez524@acosta-hall.com,2022-01-23,Australia
706,Tristan,Peterson,tristan.peterson953@floyd-jimenez.com,2023-12-22,India
707,Heidi,Johnson,heidi.johnson730@bridges.com,2023-02-18,Brazil
708,Kimberly,Jones,kimberly.jones386@white-huang.com,2025-06-23,United Kingdom
709,Patrick,Smith,patrick.smith806@wright.com,2022-11-06,Japan
710,Steven,Wise,steven.wise322@wade.com,2023-05-17,Mexico
711,Eric,Chandler,eric.chandler555@pineda.com,2022-11-05,Spain
712,Michael,Williams,michael.williams975@robinson.com,2022-01-24,Japan
713,Gary,Hill,gary.hill201@foster.com,2022-03-07,Japan
714,Bianca,Vazquez,bianca.vazquez657@carlson.com,2024-02-16,Japan
715,Christopher,Montgomery,christopher.montgomery162@brown.net,2025-05-14,South Korea
716,Daniel,Freeman,daniel.freeman382@holden-kramer.com,2025-06-05,Italy
717,Patricia,Quinn,patricia.quinn225@norris.com,2023-01-25,Mexico
718,Rachel,Washington,rachel.washington193@hansen-daniels.info,2022-10-22,Italy
719,Ashley,Stephens,ashley.stephens757@oconnor-hill.org,2025-08-29,United States
720,Angela,Jones,angela.jones151@cole.net,2023-07-25,Norway
721,Shawn,Parsons,shawn.parsons349@gray.com,2025-04-20,Germany
722,Christine,Flores,christine.flores905@barrett.biz,2022-10-22,United Arab Emirates
723,Alexandria,Jimenez,alexandria.jimenez310@moore.com,2022-06-21,Canada
724,Cole,Hopkins,cole.hopkins949@conley.com,2025-09-18,Singapore
725,Anthony,Rodriguez,anthony.rodriguez312@garcia.biz,2024-10-19,United Arab Emirates
726,Tracy,Hanson,tracy.hanson321@scott.com,2022-01-21,Spain
727,Sarah,Clark,sarah.clark436@hebert-collier.info,2025-05-29,Germany
728,Danielle,Ward,danielle.ward907@hurley.com,2025-07-03,United States
729,Christina,Rice,christina.rice383@jones.net,2022-05-31,Germany
730,Craig,Hall,craig.hall233@lopez-fox.com,2024-06-04,Singapore
731,Colleen,White,colleen.white356@grant.org,2023-07-11,France
732,Emily,Park,emily.park212@andrade-jackson.com,2024-05-04,United States
733,Richard,Morgan,richard.morgan234@ferguson.info,2023-07-02,United States
734,Rachel,Pierce,rachel.pierce466@kirk-gutierrez.biz,2025-07-07,Spain
735,Jessica,Franklin,jessica.franklin702@gardner.com,2023-07-14,Norway
736,Suzanne,West,suzanne.west116@smith-johnson.com,2024-07-14,France
737,Allen,Taylor,allen.taylor371@smith-joyce.com,2025-08-22,United Kingdom
738,Leslie,Ingram,leslie.ingram229@short.org,2024-06-06,Brazil
739,Eric,Johnson,eric.johnson638@moore-baker.org,2023-01-24,Australia
740,Jesse,Shepherd,jesse.shepherd863@duncan.com,2025-02-14,Canada
741,Chris,Nguyen,chris.nguyen587@thompson-petersen.org,2025-06-27,Mexico
742,Rebecca,Larson,rebecca.larson896@johnson-stokes.biz,2022-05-02,Japan
743,Kimberly,Weeks,kimberly.weeks625@bailey-montoya.biz,2025-09-10,United Arab Emirates
744,David,Townsend,david.townsend211@delgado.biz,2022-03-26,Mexico
745,Kevin,Williams,kevin.williams615@cunningham.com,2022-03-20,Spain
746,Emily,Osborn,emily.osborn729@mullins-johnston.com,2022-12-11,United Kingdom
747,Ryan,Hartman,ryan.hartman844@anderson.info,2024-06-06,China
748,Julie,Kelley,julie.kelley408@miller-shaw.com,2025-03-29,Mexico
749,Dennis,Hansen,dennis.hansen758@foster-duncan.net,2024-08-14,United States
750,Wendy,Warren,wendy.warren162@jones.com,2024-11-29,India
751,Sandra,Davis,sandra.davis967@gutierrez.com,2024-07-11,South Korea
752,Diana,Carrillo,diana.carrillo536@huerta.info,2024-08-26,Australia
753,Dustin,Williams,dustin.williams602@gonzalez.com,2025-03-23,Mexico
754,Jessica,Miller,jessica.miller175@brown.com,2022-01-22,Canada
755,Matthew,Brock,matthew.brock429@cole-johnson.com,2025-02-23,Germany
756,Amanda,Harris,amanda.harris167@christensen.com,2024-12-15,Germany
757,Holly,Smith,holly.smith381@escobar.com,2023-03-18,United Arab Emirates
758,James,Horton,james.horton661@brown-pena.com,2022-04-14,Norway
759,Paul,Nelson,paul.nelson490@ward.biz,2022-12-26,China
760,Tina,Romero,tina.romero401@garcia.net,2022-05-17,Mexico
761,Jacob,Mason,jacob.mason617@castro-marquez.com,2023-01-20,Brazil
762,Sandra,Torres,sandra.torres201@long-moore.com,2024-11-29,Australia
763,Michael,Garrett,michael.garrett973@ferrell.com,2025-06-15,Singapore
764,Bryan,Scott,bryan.scott838@zamora-briggs.com,2024-05-12,Italy
765,Stacy,Perez,stacy.perez540@prince-sandoval.com,2025-02-07,Mexico
766,Patrick,Yu,patrick.yu333@salas.org,2022-08-26,Brazil
767,Ronald,Edwards,ronald.edwards447@murphy.com,2024-06-21,Mexico
768,Amber,Mcbride,amber.mcbride508@parker.net,2022-07-30,Brazil
769,Russell,Stout,russell.stout847@douglas.com,2023-05-09,Australia
770,Carlos,Patel,carlos.patel420@wilson.com,2025-04-04,Brazil
771,Lucas,Dudley,lucas.dudley420@turner-reese.com,2022-08-25,Netherlands
772,Kimberly,Rodriguez,kimberly.rodriguez483@johnson.org,2023-02-19,Germany
773,Catherine,Salazar,catherine.salazar803@hall.info,2022-07-28,India
774,Wayne,Jacobs,wayne.jacobs168@banks.info,2022-08-02,Canada
775,Frank,Perez,frank.perez951@duran-smith.com,2023-10-04,Canada
776,Jeffrey,Powers,jeffrey.powers195@todd.com,2023-11-14,Brazil
777,Michelle,Burns,michelle.burns198@delacruz-clay.biz,2023-09-21,Japan
778,Kimberly,Franklin,kimberly.franklin931@cortez-long.org,2024-07-11,Germany
779,Amanda,Davidson,amanda.davidson669@buchanan.com,2025-09-25,United Kingdom
780,Wendy,Stone,wendy.stone700@terrell-williams.biz,2024-03-12,Singapore
781,Kathy,Estes,kathy.estes675@carter.com,2025-04-16,Norway
782,Maria,Murray,maria.murray786@phillips-ellison.net,2022-08-09,Australia
783,Steven,Lucas,steven.lucas520@sharp.com,2025-04-24,Japan
784,Brenda,Shannon,brenda.shannon994@taylor.com,2023-12-06,Brazil
785,Brittany,Marquez,brittany.marquez988@khan.com,2023-05-19,United Kingdom
786,Heather,Meadows,heather.meadows394@higgins.com,2022-06-27,Sweden
787,Jasmin,Walters,jasmin.walters460@mills.net,2024-08-08,Australia
788,Stephanie,Gray,stephanie.gray691@williams-jackson.com,2024-05-28,China
789,Monica,Huffman,monica.huffman317@melton.com,2023-10-14,Germany
790,Kyle,Cross,kyle.cross772@roberts-white.com,2022-11-12,India
791,Adam,Cannon,adam.cannon329@ellis.net,2025-06-08,Australia
792,Adam,Andrade,adam.andrade458@robinson.info,2023-12-06,Singapore
793,Robert,Miller,robert.miller476@smith.net,2025-06-28,Australia
794,Marcia,Williams,marcia.williams880@brown.com,2022-08-14,Netherlands
795,Melissa,Estrada,melissa.estrada687@evans.biz,2022-10-04,Spain
796,Evan,Mitchell,evan.mitchell926@holt.com,2023-12-09,Brazil
797,Kara,Ward,kara.ward965@davis.com,2023-07-27,Singapore
798,Priscilla,Wilkins,priscilla.wilkins885@bridges-brown.info,2022-07-29,Singapore
799,David,Villarreal,david.villarreal126@rose-warren.com,2024-08-08,Netherlands
800,Brian,Duncan,brian.duncan129@rice.org,2025-05-09,France
801,Valerie,Mitchell,valerie.mitchell379@abbott.org,2023-07-04,Sweden
802,Sara,Mendez,sara.mendez447@stone-welch.info,2025-06-09,Japan
803,Hector,Lynch,hector.lynch106@roberts.info,2024-08-29,France
804,Laura,Mclaughlin,laura.mclaughlin990@marsh.biz,2022-03-12,Germany
805,Matthew,Castro,matthew.castro679@lewis.com,2025-05-12,South Korea
806,Carlos,Evans,carlos.evans171@nguyen.com,2023-09-08,Germany
807,Jennifer,Gilbert,jennifer.gilbert858@collier.com,2025-07-19,United States
808,Matthew,Chambers,matthew.chambers193@robles-brewer.info,2022-08-30,China
809,Courtney,Mcclain,courtney.mcclain320@huang.com,2025-07-21,South Korea
810,Adriana,Cunningham,adriana.cunningham529@stewart.com,2025-05-27,Mexico
811,Sabrina,Flynn,sabrina.flynn449@montes.com,2023-06-11,France
812,Tonya,Sims,tonya.sims478@duncan.com,2024-07-13,Sweden
813,Darryl,Patton,darryl.patton838@thornton-edwards.com,2023-02-26,Norway
814,Robert,Crawford,robert.crawford895@watson.com,2024-03-26,United Arab Emirates
815,Kevin,Rodriguez,kevin.rodriguez710@strickland.info,2024-02-26,Canada
816,Angel,Webb,angel.webb153@moore.net,2023-04-28,Germany
817,Kimberly,Thomas,kimberly.thomas261@short.com,2022-11-15,United Kingdom
818,Jenny,Stevens,jenny.stevens790@hancock.com,2024-12-03,Canada
819,Melanie,Wiggins,melanie.wiggins378@owens-williams.net,2025-04-05,Mexico
820,Donna,Edwards,donna.edwards777@blake.com,2022-10-27,Brazil
821,Justin,Patel,justin.patel597@lambert-nelson.com,2023-03-02,Mexico
822,Danny,Mullen,danny.mullen524@palmer.com,2023-02-26,Netherlands
823,Donald,Bush,donald.bush320@andrews-jackson.com,2024-08-10,China
824,Patricia,Fernandez,patricia.fernandez216@anderson.com,2022-06-14,Japan
825,Patrick,Miller,patrick.miller540@white-carlson.org,2024-09-04,Australia
826,Mary,Lyons,mary.lyons390@kelly.net,2022-05-03,United Arab Emirates
827,Terri,Campos,terri.campos598@bradley-davis.info,2022-06-01,China
828,Stanley,Cohen,stanley.cohen783@miranda.com,2025-08-30,Sweden
829,Paula,Scott,paula.scott146@myers-lyons.com,2025-05-10,Spain
830,Michelle,Nguyen,michelle.nguyen504@johnson-alvarez.com,2024-01-14,United Kingdom
831,Steven,Jackson,steven.jackson107@munoz-anderson.com,2023-09-23,Italy
832,Lisa,Robles,lisa.robles408@hawkins-jones.com,2024-04-07,Italy
833,Steven,Garza,steven.garza885@oliver.com,2024-01-20,Germany
834,Patrick,Peterson,patrick.peterson882@garza.com,2024-04-25,Netherlands
835,Heather,Thompson,heather.thompson396@miller.info,2022-06-27,Norway
836,Brittany,Ford,brittany.ford222@davis.biz,2022-04-19,United States
837,Carmen,Jennings,carmen.jennings609@wise.com,2022-05-21,Brazil
838,Jeff,Taylor,jeff.taylor279@berger.com,2024-10-23,Germany
839,Edward,Schmidt,edward.schmidt489@gilbert-west.com,2024-11-24,Singapore
840,Natalie,Evans,natalie.evans820@torres.com,2022-05-19,Spain
841,Brandi,Carr,brandi.carr612@powell.com,2024-05-02,Singapore
842,Tammy,Smith,tammy.smith953@hoover.com,2023-01-01,Japan
843,Ryan,Lawrence,ryan.lawrence173@flores.net,2022-11-25,South Korea
844,Elaine,Wells,elaine.wells982@peters.biz,2022-08-28,United Kingdom
845,Keith,Salas,keith.salas546@taylor.com,2022-08-12,United States
846,Jennifer,Tucker,jennifer.tucker570@proctor-taylor.com,2024-09-24,Canada
847,Linda,Dalton,linda.dalton982@munoz.net,2023-10-21,Norway
848,Andrea,Cole,andrea.cole689@perez-coleman.com,2024-06-16,Brazil
849,Tyrone,Simon,tyrone.simon687@shaw.com,2022-02-21,South Korea
850,Tiffany,Carroll,tiffany.carroll826@richardson.com,2022-08-09,Brazil
851,Jessica,Fox,jessica.fox396@marshall-miller.org,2022-05-18,Australia
852,John,Mccoy,john.mccoy514@horne.org,2023-05-01,United States
853,Chloe,Berger,chloe.berger432@osborne.info,2024-06-10,France
854,Jessica,Fisher,jessica.fisher920@roberts-johnson.org,2025-03-10,Mexico
855,Kevin,Glover,kevin.glover951@brown-kennedy.com,2024-06-08,Japan
856,Brett,Mooney,brett.mooney190@weber.net,2022-04-30,Brazil
857,Melissa,Ramirez,melissa.ramirez964@gilbert.com,2022-01-23,Australia
858,Judith,Munoz,judith.munoz349@stevenson.com,2023-02-10,Brazil
859,Kimberly,Young,kimberly.young703@lloyd.com,2022-05-12,South Korea
860,Tammy,Larson,tammy.larson636@monroe.biz,2023-01-05,Canada
861,Donna,Barber,donna.barber505@clark.com,2022-03-26,Sweden
862,Dawn,Campos,dawn.campos863@williams.biz,2024-01-10,Norway
863,Kevin,Reese,kevin.reese326@hall.com,2022-08-14,Norway
864,Alyssa,Graham,alyssa.graham897@ho-cole.com,2024-04-03,France
865,Felicia,Williams,felicia.williams178@walsh.com,2023-06-05,China
866,Joseph,Lang,joseph.lang748@pena-myers.com,2025-02-14,Australia
867,Emily,Townsend,emily.townsend643@rogers.net,2022-01-17,China
868,Emily,Decker,emily.decker298@jenkins.com,2024-11-30,Japan
869,Sean,Robinson,sean.robinson459@king-johnson.org,2022-05-23,Germany
870,Brian,Wheeler,brian.wheeler341@sampson.com,2025-01-04,Australia
871,Susan,Miller,susan.miller249@anderson.org,2025-06-01,Netherlands
872,Tammy,Kemp,tammy.kemp302@lopez.com,2024-09-19,France
873,Shawn,Carney,shawn.carney716@schwartz-contreras.com,2023-02-04,Germany
874,Fernando,Jones,fernando.jones878@reyes.com,2023-02-06,Canada
875,Stephanie,Baker,stephanie.baker281@jones-krause.com,2024-08-06,India
876,Philip,Brewer,philip.brewer575@thomas.com,2024-08-11,United Arab Emirates
877,Dawn,Gaines,dawn.gaines878@green.com,2025-04-22,United Arab Emirates
878,Sean,Mosley,sean.mosley559@delgado.com,2024-10-29,United Arab Emirates
879,Peter,Hernandez,peter.hernandez758@conway-andrews.net,2025-01-04,Norway
880,Shelby,Henry,shelby.henry984@powell-luna.com,2024-04-19,Norway
881,Jeremiah,Cruz,jeremiah.cruz254@meyers.com,2023-06-02,Mexico
882,Evelyn,Morales,evelyn.morales169@shea.com,2022-05-05,India
883,Maureen,Hodges,maureen.hodges552@holland-thompson.com,2023-08-20,Sweden
884,Donna,Evans,donna.evans915@mosley-mccoy.com,2024-01-26,Netherlands
885,Christopher,Chen,christopher.chen705@lopez.org,2023-01-06,United Kingdom
886,Tracy,Brown,tracy.brown460@schneider.info,2022-01-26,China
887,Benjamin,Brown,benjamin.brown175@williams.net,2023-12-14,Sweden
888,Shelby,Berg,shelby.berg572@hernandez.com,2025-02-16,Mexico
889,Donald,Valdez,donald.valdez138@meadows-montgomery.com,2024-12-25,United Kingdom
890,Deborah,Smith,deborah.smith477@williams.info,2024-08-07,Sweden
891,George,Garza,george.garza178@wilson.org,2022-12-09,Canada
892,Bryan,Harris,bryan.harris729@cain-hendrix.biz,2023-05-19,China
893,David,Sutton,david.sutton493@taylor.com,2024-07-10,Mexico
894,Glenn,Brown,glenn.brown694@thomas-perry.com,2024-05-09,Singapore
895,Frederick,Sanchez,frederick.sanchez910@williams.org,2023-08-08,United Kingdom
896,Kimberly,Smith,kimberly.smith560@miller-smith.com,2025-01-02,United Arab Emirates
897,Denise,Eaton,denise.eaton767@steele-sparks.info,2024-12-11,Italy
898,David,Thomas,david.thomas429@mills-jenkins.com,2024-08-06,India
899,Heather,Carlson,heather.carlson613@porter.com,2023-06-25,Germany
900,Robert,Grant,robert.grant163@wilson.com,2024-08-19,Mexico
901,Michael,Juarez,michael.juarez205@romero.com,2023-03-06,Norway
902,Brian,Rodriguez,brian.rodriguez831@jennings.info,2022-10-01,Canada
903,Ernest,Livingston,ernest.livingston616@newman.com,2023-11-07,France
904,John,Jensen,john.jensen140@williams-yang.net,2022-10-01,Spain
905,Eric,Johnson,eric.johnson824@wilson.org,2024-06-19,Mexico
906,Mark,Gonzalez,mark.gonzalez549@villanueva.com,2022-06-02,China
907,Joel,Gutierrez,joel.gutierrez635@bennett.com,2024-01-02,France
908,Brenda,Brown,brenda.brown472@thomas-reilly.info,2022-10-04,Japan
909,Paul,Taylor,paul.taylor389@lee.com,2022-07-17,South Korea
910,Antonio,Carroll,antonio.carroll518@taylor-york.info,2023-10-12,Norway
911,George,Cooper,george.cooper795@munoz-clarke.org,2022-09-21,United Kingdom
912,Belinda,Tran,belinda.tran908@miller.info,2025-09-01,Norway
913,Wendy,Vargas,wendy.vargas167@ramirez-blair.com,2023-01-20,Norway
914,Mark,Riley,mark.riley196@shah.biz,2022-03-10,Singapore
915,Billy,Ruiz,billy.ruiz794@johnson.com,2023-12-04,South Korea
916,Tyler,Miller,tyler.miller390@steele.com,2022-07-26,Netherlands
917,Michael,Allen,michael.allen841@smith.com,2022-09-09,Germany
918,Jacqueline,Hodge,jacqueline.hodge441@silva.com,2025-09-20,Canada
919,Jacqueline,Lopez,jacqueline.lopez696@sims-padilla.com,2025-08-29,Germany
920,Courtney,Cruz,courtney.cruz458@cook.com,2024-12-20,Sweden
921,Sophia,Daniels,sophia.daniels771@french.org,2025-09-30,South Korea
922,Matthew,Randolph,matthew.randolph232@dougherty.com,2023-08-18,Canada
923,Michael,Harvey,michael.harvey417@richardson-wong.com,2024-05-21,Singapore
924,Jenna,Harris,jenna.harris485@allen-wilson.info,2025-02-19,Norway
925,Sheila,Carpenter,sheila.carpenter932@clark.com,2025-10-26,Germany
926,Joseph,Frazier,joseph.frazier786@brown-watson.info,2024-01-26,China
927,Walter,Gallegos,walter.gallegos195@mckinney-gregory.net,2025-10-29,Brazil
928,Kelly,Oliver,kelly.oliver620@dougherty.com,2022-10-20,Japan
929,Patricia,Ellis,patricia.ellis118@myers.com,2022-04-30,Japan
930,Daniel,Hill,daniel.hill416@hernandez.com,2023-04-01,France
931,Robert,Fleming,robert.fleming319@wells.info,2025-02-19,Norway
932,Deanna,Carter,deanna.carter884@johnson.net,2024-09-28,India
933,Matthew,Lane,matthew.lane296@lucas.net,2025-07-31,Spain
934,Amy,Ellis,amy.ellis240@anderson.com,2022-12-19,Germany
935,Todd,Arellano,todd.arellano179@hernandez.info,2022-09-16,Sweden
936,Christine,Martin,christine.martin964@mitchell.com,2022-09-08,Australia
937,John,Williams,john.williams619@andrews-alexander.com,2022-10-14,Singapore
938,Jamie,Mann,jamie.mann955@stewart.net,2022-09-10,China
939,Amanda,Martinez,amanda.martinez138@sullivan.com,2023-12-13,Norway
940,Sarah,Moore,sarah.moore997@payne.com,2024-01-07,Germany
941,Paula,Montes,paula.montes711@estrada.info,2023-06-11,South Korea
942,Hannah,Dennis,hannah.dennis257@taylor.com,2023-04-24,France
943,Angel,Williamson,angel.williamson285@griffin.com,2022-03-27,France
944,Cathy,Lee,cathy.lee838@walker.com,2022-05-10,Mexico
945,Amanda,Griffin,amanda.griffin144@rosario.info,2023-05-09,Brazil
946,Carrie,Hunt,carrie.hunt473@kerr.biz,2022-08-18,Spain
947,Jennifer,Patterson,jennifer.patterson554@watson-mitchell.com,2023-04-24,Sweden
948,Tiffany,Sawyer,tiffany.sawyer870@lewis.biz,2025-06-02,Mexico
949,Scott,Martin,scott.martin339@waller.com,2025-07-21,Singapore
950,Brenda,Miller,brenda.miller344@turner.com,2022-04-13,Sweden
951,Sarah,Garza,sarah.garza928@davis-ortiz.com,2023-10-06,India
952,Gregory,Murray,gregory.murray955@fischer.biz,2023-03-26,Italy
953,Angela,Williams,angela.williams476@davenport-torres.net,2025-02-23,United Arab Emirates
954,Steven,Johnson,steven.johnson551@moore.info,2022-07-12,Mexico
955,Desiree,Stafford,desiree.stafford887@white-knox.com,2022-02-14,Sweden
956,David,Ramirez,david.ramirez896@george.org,2024-01-17,South Korea
957,Ariana,Oneill,ariana.oneill614@jennings.com,2024-03-07,China
958,Jessica,Smith,jessica.smith528@martin-brown.com,2023-12-18,France
959,Natalie,Taylor,natalie.taylor936@brown.biz,2024-09-15,Italy
960,Rhonda,Kelly,rhonda.kelly920@carter-fowler.com,2024-03-09,Germany
961,James,Burton,james.burton993@george.net,2023-05-17,Netherlands
962,Monique,Serrano,monique.serrano153@marsh.com,2022-05-29,India
963,Amanda,Bell,amanda.bell995@smith.com,2023-08-03,Japan
964,Kimberly,Jenkins,kimberly.jenkins667@garcia.net,2022-12-10,Australia
965,Marie,Pope,marie.pope828@austin.net,2025-01-11,China
966,Andrea,Avila,andrea.avila971@butler.com,2025-06-26,Australia
967,David,Smith,david.smith391@collins-cox.info,2025-10-14,Canada
968,Vanessa,Mills,vanessa.mills881@jackson-torres.com,2022-12-12,France
969,David,Benson,david.benson379@perez.com,2023-10-22,Mexico
970,Hannah,Bowers,hannah.bowers625@smith.biz,2022-03-08,Germany
971,James,Johnson,james.johnson950@palmer.com,2022-03-09,Brazil
972,Carl,Contreras,carl.contreras193@patton.com,2024-07-01,Spain
973,Rachel,Lopez,rachel.lopez936@johnson-thomas.com,2024-06-19,Mexico
974,Michael,Martin,michael.martin457@norman.com,2022-06-03,United States
975,Lori,Hines,lori.hines524@robinson.net,2022-01-07,United Kingdom
976,Teresa,Garcia,teresa.garcia505@knapp.info,2023-07-24,China
977,Helen,Lopez,helen.lopez482@rosario.biz,2023-10-21,Spain
978,Jason,Perez,jason.perez495@juarez.com,2023-12-25,Canada
979,Daniel,Taylor,daniel.taylor483@bush-hawkins.com,2022-05-08,Spain
980,Mark,Wilson,mark.wilson128@bryant-fitzgerald.info,2022-12-17,Norway
981,Angela,Roberts,angela.roberts201@lopez-jones.info,2024-11-20,Norway
982,Michael,Smith,michael.smith910@vasquez.com,2022-07-05,Germany
983,Douglas,Morales,douglas.morales240@madden.com,2022-04-11,United Kingdom
984,Michael,Gonzalez,michael.gonzalez393@larson.com,2022-12-28,India
985,Mary,Hardy,mary.hardy812@hubbard-miranda.org,2023-03-01,Germany
986,Katelyn,Owen,katelyn.owen877@kelly-estrada.biz,2024-01-23,India
987,William,Hernandez,william.hernandez559@rodriguez-king.info,2022-12-25,United States
988,Courtney,Taylor,courtney.taylor181@rojas.info,2024-11-19,United States
989,Anthony,White,anthony.white362@shelton.com,2025-03-26,Italy
990,Charles,Walton,charles.walton955@sparks-harris.info,2024-02-01,Germany
991,William,Daniels,william.daniels661@payne.biz,2025-09-29,China
992,Robin,Reyes,robin.reyes533@farrell-ramos.com,2022-02-21,Australia
993,Gregory,Hopkins,gregory.hopkins894@dyer-martin.biz,2022-07-28,Sweden
994,Larry,Price,larry.price343@carroll.net,2024-11-30,Sweden
995,Amber,Harrison,amber.harrison224@dickerson.info,2024-07-07,United Kingdom
996,Tara,Jensen,tara.jensen344@miranda-mitchell.com,2022-02-13,Brazil
997,Brittany,Anderson,brittany.anderson754@bailey-harmon.com,2025-04-03,Mexico
998,Patricia,Peterson,patricia.peterson164@patterson.biz,2023-06-30,Australia
999,Brian,Sanchez,brian.sanchez956@wong.com,2024-12-04,India
1000,Cameron,Torres,cameron.torres711@jackson-ryan.com,2023-12-17,Singapore
